<?xml version="1.0" encoding="UTF-8" standalone="no"?>
<window xmlns="http://schemas.haulmont.com/cuba/screen/window.xsd"
        caption="msg://visitEdit.caption"
        focusComponent="form"
        messagesPack="com.company.clinic.web.screens.visit">
    <data>
        <instance id="visitDc"
                  class="com.company.clinic.entity.Visit"
                  view="visit-edit">
            <loader/>
            <collection id="consumablesDc" property="consumables"/>
        </instance>
    </data>
    <dialogMode height="600"
                width="800"/>
    <layout expand="editActions" spacing="true">
        <form id="form" dataContainer="visitDc">
            <column width="350px">
                <pickerField id="petField" property="pet">
                    <actions>
                        <action id="lookup" type="picker_lookup"/>
                        <action id="clear" type="picker_clear"/>
                    </actions>
                </pickerField>
                <pickerField id="veterinarianField" property="veterinarian">
                    <actions>
                        <action id="lookup" type="picker_lookup"/>
                        <action id="clear" type="picker_clear"/>
                    </actions>
                </pickerField>
                <dateField id="dateField" property="date"/>
                <textArea id="descriptionField" property="description" rows="5"/>
                <textField id="hoursSpentField" property="hoursSpent"/>
                <textField id="amountField" property="amount" editable="false"/>
            </column>
        </form>
        <groupBox id="consumablesBox" caption="msg://com.company.clinic.entity/Visit.consumables">
            <table id="consumablesTable" dataContainer="consumablesDc" width="100%" height="200px">
                <actions>
                    <action id="add" type="add"/>
                    <action id="exclude" type="exclude"/>
                </actions>
                <columns>
                    <column id="title"/>
                    <column id="description"/>
                    <column id="price"/>
                </columns>
                <buttonsPanel>
                    <button action="consumablesTable.add"/>
                    <button action="consumablesTable.exclude"/>
                </buttonsPanel>
            </table>
        </groupBox>
        <hbox id="editActions" spacing="true">
            <button action="windowCommitAndClose"/>
            <button action="windowClose"/>
        </hbox>
    </layout>
</window>
