<?xml version="1.0" encoding="UTF-8" standalone="no"?>
<window xmlns="http://schemas.haulmont.com/cuba/screen/window.xsd"
        caption="msg://veterinarianEdit.caption"
        focusComponent="form"
        messagesPack="com.company.clinic.web.screens.veterinarian">
    <data>
        <instance id="veterinarianDc"
                  class="com.company.clinic.entity.Veterinarian"
                  view="veterinarian-with_user">
            <loader/>
        </instance>
    </data>
    <dialogMode height="600"
                width="800"/>
    <layout expand="editActions" spacing="true">
        <form id="form" dataContainer="veterinarianDc">
            <column width="350px">
                <pickerField id="userField" property="user">
                    <actions>
                        <action id="lookup" type="picker_lookup"/>
                        <action id="clear" type="picker_clear"/>
                    </actions>
                </pickerField>
                <textField id="hourlyRateField" property="hourlyRate"/>
            </column>
        </form>
        <hbox id="editActions" spacing="true">
            <button action="windowCommitAndClose"/>
            <button action="windowClose"/>
        </hbox>
    </layout>
</window>
