<?xml version="1.0" encoding="UTF-8" standalone="no"?>
<window xmlns="http://schemas.haulmont.com/cuba/screen/window.xsd"
        caption="msg://ownerEdit.caption"
        focusComponent="form"
        messagesPack="com.company.clinic.web.screens.owner">
    <data>
        <instance id="ownerDc"
                  class="com.company.clinic.entity.Owner">
            <view extends="_local"/>
            <loader/>
        </instance>
    </data>
    <dialogMode height="600"
                width="800"/>
    <layout expand="editActions" spacing="true">
        <form id="form" dataContainer="ownerDc">
            <column width="350px">
                <textField id="nameField" property="name" caption="msg://name.caption"/>
                <textField id="phoneNumberField" property="phoneNumber"/>
                <textField id="emailField" property="email"/>
            </column>
        </form>
        <hbox id="editActions" spacing="true">
            <button action="windowCommitAndClose"/>
            <button action="windowClose"/>
        </hbox>
    </layout>
</window>
