<?xml version="1.0" encoding="UTF-8" standalone="no"?>
<views xmlns="http://schemas.haulmont.com/cuba/view.xsd">

    <view entity="clinic_Pet" name="pet-full" extends="_local">
        <property name="type" view="_minimal"/>
        <property name="owner" view="_minimal"/>
    </view>
    <view entity="clinic_Veterinarian" name="veterinarian-with_user" extends="_local">
        <property name="user" view="_minimal"/>
    </view>
    <view entity="clinic_Visit" name="visit-browse" extends="_local">
        <property name="pet" view="_minimal"/>
        <property name="veterinarian" view="_minimal"/>
    </view>
    <view entity="clinic_Visit" name="visit-edit" extends="_local">
        <property name="pet" view="_minimal"/>
        <property name="veterinarian" view="veterinarian-with_user"/>
        <property name="consumables" view="_local"/>
    </view>
</views>