<?xml version="1.0" encoding="UTF-8"?>
<beans xmlns="http://www.springframework.org/schema/beans"
       xmlns:context="http://www.springframework.org/schema/context"
       xmlns:gui="http://schemas.haulmont.com/cuba/spring/cuba-gui.xsd">

    <!-- Annotation-based beans -->
    <context:component-scan base-package="com.company.clinic"/>
    
    <gui:screens base-packages="com.company.clinic.web"/>
    <bean id="clinic_proxyCreator" class="com.haulmont.cuba.web.sys.remoting.WebRemoteProxyBeanCreator">
        <property name="serverSelector" ref="cuba_ServerSelector"/>
        <property name="remoteServices">
            <map>
                <entry key="clinic_VisitService" value="com.company.clinic.service.VisitService"/>
            </map>
        </property>
    </bean>

</beans>